No,Fitur,Sumber,Satuan
1,Jarak ke perkebunan,"Peta Tutupan Lahan 2020, KLHK",Meter
2,Jarak ke jalan,BIG,Meter
3,Jarak ke konsesi,Dinas Perkebunan Provinsi Sulawesi Selatan (2017 kepohutan),Meter
4,Jarak ke konsesi perhutanan sosial,KLHK,Meter
5,Jarak ke sungai,BIG,Meter
6,Jarak ke area bekas terbakar,BIG,Meter
7,Jarak ke badan air,"Peta Tutupan Lahan 2020, KLHK",Meter
8,Persentase area pertanian,"Peta Tutupan Lahan 2020, KLHK",%
9,Persentase area perkebunan,"Peta Tutupan Lahan 2020, KLHK",%
10,Persentase area berhutan,"Peta Tutupan Lahan 2020, KLHK",%
11,Persentase area semak belukar,"Peta Tutupan Lahan 2020, KLHK",%
12,Persentase badan air,"Peta Tutupan Lahan 2020, KLHK",%
13,Persentase savanna,"Peta Tutupan Lahan 2020, KLHK",%
14,Jarak ke deforestasi,"Peta Tutupan Lahan 2020, KLHK",Meter
15,Luas area deforestasi,"Peta Tutupan Lahan 2020, KLHK",Hektar
16,Persentase area yang bisa ditanami,"Peta Tutupan Lahan 2020, KLHK",%
17,Potensi erosi,RUSLE,t/ha/tahun
18,Indeks Bahaya Banjir,RBI BNPB,Indeks
19,Indeks Bahaya Longsor,RBI BNPB,Indeks
20,Indeks Bahaya Kekeringan,RBI BNPB,Indeks
21,NDWI 2020,Landsat 8,Indeks
22,NDMI 2020,Landsat 8,Indeks
23,Indeks kekeringan,WORLDCLIM 2.1,Indeks
24,Rata-rata suhu tahunan,WORLDCLIM 2.1,°C
25,Rata-rata curah hujan tahunan,WORLDCLIM 2.1,mm/tahun
26,Rasio elektrifikasi,Potensi desa BPS 2019,Rasio
27,Total sekolah tinggi (SMA sederajat),Potensi desa BPS 2019,Unit
28,Total Perguruan Tinggi,Potensi desa BPS 2019,Unit
29,Total Rumah Sakit,Potensi desa BPS 2019,Unit
30,Total fasilitas kesehatan,Potensi desa BPS 2019,Unit
31,Total pasar,Potensi desa BPS 2019,Unit
32,Total minimarket,Potensi desa BPS 2019,Unit
33,Kejadian banjir 2018-2019,Potensi desa BPS 2019,Kejadian/tahun
34,Korban banjir 2018-2019,Potensi desa BPS 2019,Korban jiwa/tahun
35,Kejadian banjir bandang 2018-2019,Potensi desa BPS 2019,Kejadian/tahun
36,Kejadian kebakaran hutan dan lahan 2018-2019,Potensi desa BPS 2019,Kejadian/tahun
37,Jumlah sistem peringatan dini bencana alam,Potensi desa BPS 2019,Unit
38,Jumlah embung,Potensi desa BPS 2019,Unit
39,Jumlah pasar desa,Potensi desa BPS 2019,Unit
40,Penderita gizi buruk 2018,Potensi desa BPS 2019,Individu
41,Luas Daerah Irigasi,KemenPUPR,Hektar
42,Jumlah bulan basah,WORLDCLIM 2.1,Bulan
43,Elevasi,DEMNAS,mdpl
44,Kelerengan,DEMNAS,Derajat
45,Luas area lindung,KLHK,Hektar
46,Persentase area lindung,KLHK,%
47,Rasio kesejahteraan,TNP2K,Rasio
48,Rasio luas kecamatan terhadap luas daratan,Potensi desa BPS 2019,Rasio
49,Jangkauan bandara,Kemenhub,Meter
50,Jarak ke pelabuhan,Kemenhub,Meter
51,Rasio KK terhadap luas area non-lindung,Potensi desa BPS 2019,Rasio
